year_month,fires
2001-07-01,191
2001-08-01,633
2001-09-01,1040
2001-10-01,4036
2001-11-01,11097
2001-12-01,18338
2002-01-01,27426
2002-02-01,20412
2002-03-01,24502
2002-04-01,27578
2002-05-01,54579
2002-06-01,59866
2002-07-01,112499
2002-07-01,869
2002-08-01,1687
2002-08-01,131723
2002-09-01,4460
2002-09-01,113402
2002-10-01,4992
2002-10-01,73003
2002-11-01,10083
2002-11-01,48048
2002-12-01,26352
2002-12-01,62026
2003-01-01,48998
2003-01-01,40152
2003-02-01,16746
2003-02-01,33818
2003-03-01,55410
2003-03-01,13890
2003-04-01,7548
2003-04-01,59239
2003-05-01,85467
2003-05-01,1098
2003-06-01,63083
2003-07-01,102638
2003-07-01,528
2003-08-01,123349
2003-08-01,1254
2003-09-01,1837
2003-09-01,102547
2003-10-01,9853
2003-10-01,76604
2003-11-01,9809
2003-11-01,48587
2003-12-01,65982
2003-12-01,32109
2004-01-01,33899
2004-01-01,34753
2004-02-01,43003
2004-02-01,31785
2004-03-01,18410
2004-03-01,53680
2004-04-01,10131
2004-04-01,46511
2004-05-01,1061
2004-05-01,73681
2004-06-01,77072
2004-07-01,98136
2004-07-01,1778
2004-08-01,1188
2004-08-01,129568
2004-09-01,117684
2004-09-01,1964
2004-10-01,74767
2004-10-01,8451
2004-11-01,14750
2004-11-01,55225
2004-12-01,58129
2004-12-01,25791
2005-01-01,42677
2005-01-01,43599
2005-02-01,45737
2005-02-01,26833
2005-03-01,10758
2005-03-01,50254
2005-04-01,58900
2005-04-01,9487
2005-05-01,751
2005-05-01,71651
2005-06-01,76404
2005-07-01,120597
2005-07-01,699
2005-08-01,127683
2005-08-01,961
2005-09-01,1996
2005-09-01,109277
2005-10-01,75976
2005-10-01,8757
2005-11-01,69790
2005-11-01,14989
2005-12-01,49751
2005-12-01,25490
2006-01-01,30624
2006-01-01,43124
2006-02-01,19470
2006-02-01,31072
2006-03-01,41150
2006-03-01,13913
2006-04-01,8189
2006-04-01,52650
2006-05-01,1710
2006-05-01,67755
2006-06-01,66885
2006-07-01,104815
2006-07-01,966
2006-08-01,1212
2006-08-01,127322
2006-09-01,108265
2006-09-01,2358
2006-10-01,4787
2006-10-01,67337
2006-11-01,11518
2006-11-01,55020
2006-12-01,61777
2006-12-01,24952
2007-01-01,38792
2007-01-01,36350
2007-02-01,35594
2007-02-01,47747
2007-03-01,12460
2007-03-01,65644
2007-04-01,51443
2007-04-01,7031
2007-05-01,283
2007-05-01,68428
2007-06-01,80723
2007-07-01,116502
2007-07-01,366
2007-08-01,126565
2007-08-01,610
2007-09-01,106632
2007-09-01,1788
2007-10-01,6318
2007-10-01,69255
2007-11-01,48993
2007-11-01,13911
2007-12-01,24247
2007-12-01,61427
2008-01-01,43416
2008-01-01,37451
2008-02-01,34440
2008-02-01,36276
2008-03-01,9962
2008-03-01,54789
2008-04-01,6417
2008-04-01,65157
2008-05-01,402
2008-05-01,64141
2008-06-01,73980
2008-07-01,873
2008-07-01,105898
2008-08-01,133584
2008-08-01,1047
2008-09-01,1281
2008-09-01,106778
2008-10-01,68685
2008-10-01,5982
2008-11-01,12053
2008-11-01,63893
2008-12-01,60172
2008-12-01,26406
2009-01-01,30250
2009-01-01,34585
2009-02-01,19769
2009-02-01,39477
2009-03-01,48035
2009-03-01,10370
2009-04-01,11813
2009-04-01,76867
2009-05-01,1568
2009-05-01,50198
2009-06-01,72848
2009-07-01,102250
2009-07-01,1402
2009-08-01,118174
2009-08-01,1282
2009-09-01,98373
2009-09-01,1380
2009-10-01,60476
2009-10-01,4649
2009-11-01,53690
2009-11-01,13461
2009-12-01,61152
2009-12-01,21682
2010-01-01,44278
2010-01-01,38492
2010-02-01,19681
2010-02-01,37319
2010-03-01,52765
2010-03-01,18654
2010-04-01,4603
2010-04-01,50029
2010-05-01,897
2010-05-01,54767
2010-06-01,72417
2010-07-01,378
2010-07-01,94454
2010-08-01,126372
2010-08-01,893
2010-09-01,103291
2010-09-01,1385
2010-10-01,6677
2010-10-01,67531
2010-11-01,52245
2010-11-01,10778
2010-12-01,23668
2010-12-01,65874
2011-01-01,35981
2011-01-01,32369
2011-02-01,33201
2011-02-01,31229
2011-03-01,17866
2011-03-01,39009
2011-04-01,46224
2011-04-01,8581
2011-05-01,1761
2011-05-01,56794
2011-06-01,73565
2011-07-01,428
2011-07-01,94787
2011-08-01,941
2011-08-01,110729
2011-09-01,1427
2011-09-01,104919
2011-10-01,6629
2011-10-01,66191
2011-11-01,11963
2011-11-01,55594
2011-12-01,20894
2011-12-01,66314
2012-01-01,37715
2012-01-01,41544
2012-02-01,39635
2012-02-01,32366
2012-03-01,12702
2012-03-01,52934
2012-04-01,10729
2012-04-01,48606
2012-05-01,987
2012-05-01,60459
2012-06-01,83624
2012-07-01,561
2012-07-01,97395
2012-08-01,108545
2012-08-01,811
2012-09-01,1258
2012-09-01,83998
2012-10-01,66329
2012-10-01,3567
2012-11-01,8773
2012-11-01,48573
2012-12-01,56756
2012-12-01,21818
2013-01-01,52830
2013-01-01,37150
2013-02-01,35750
2013-02-01,24961
2013-03-01,11435
2013-03-01,39556
2013-04-01,53344
2013-04-01,8606
2013-05-01,439
2013-05-01,74518
2013-06-01,72673
2013-07-01,90526
2013-07-01,1205
2013-08-01,111594
2013-08-01,1201
2013-09-01,83269
2013-09-01,1138
2013-10-01,56576
2013-10-01,4131
2013-11-01,51770
2013-11-01,12911
2013-12-01,57156
2013-12-01,22676
2014-01-01,32126
2014-01-01,39707
2014-02-01,28143
2014-02-01,43887
2014-03-01,50291
2014-03-01,10155
2014-04-01,56048
2014-04-01,7999
2014-05-01,607
2014-05-01,51479
2014-06-01,64875
2014-07-01,475
2014-07-01,95531
2014-08-01,105248
2014-08-01,614
2014-09-01,1368
2014-09-01,92737
2014-10-01,86469
2014-10-01,7887
2014-11-01,12435
2014-11-01,52612
2014-12-01,66645
2014-12-01,21795
2015-01-01,36178
2015-01-01,44650
2015-02-01,36337
2015-02-01,37204
2015-03-01,11447
2015-03-01,52069
2015-04-01,52965
2015-04-01,11388
2015-05-01,585
2015-05-01,53183
2015-06-01,69424
2015-07-01,105465
2015-07-01,784
2015-08-01,113373
2015-08-01,1812
2015-09-01,3544
2015-09-01,100557
2015-10-01,72482
2015-10-01,7573
2015-11-01,14395
2015-11-01,66938
2015-12-01,46377
2015-12-01,17844
2016-01-01,65074
2016-01-01,46482
2016-02-01,32915
2016-02-01,26764
2016-03-01,6917
2016-03-01,30793
2016-04-01,57549
2016-04-01,8529
2016-05-01,65974
2016-05-01,695
2016-06-01,71780
2016-07-01,820
2016-07-01,98847
2016-08-01,109575
2016-08-01,1185
2016-09-01,1768
2016-09-01,85765
2016-10-01,75028
2016-10-01,5864
2016-11-01,49321
2016-11-01,9916
2016-12-01,23907
2016-12-01,52248
2017-01-01,36439
2017-01-01,24973
2017-02-01,39218
2017-02-01,26183
2017-03-01,14443
2017-03-01,49137
2017-04-01,45978
2017-04-01,9794
2017-05-01,1567
2017-05-01,54131
2017-06-01,59146
2017-07-01,93526
2017-07-01,452
2017-08-01,104814
2017-08-01,492
2017-09-01,94620
2017-09-01,882
2017-10-01,5058
2017-10-01,74815
2017-11-01,49513
2017-11-01,10753
2017-12-01,26679
2017-12-01,56807
2018-01-01,32995
2018-01-01,30218
2018-02-01,25685
2018-02-01,32804
2018-03-01,11024
2018-03-01,48633
2018-04-01,42858
2018-04-01,6281
2018-05-01,43567
2018-05-01,510
2018-06-01,66022
2018-07-01,613
2018-07-01,83363
2018-08-01,1158
2018-08-01,113091
2018-09-01,89722
2018-09-01,2425
2018-10-01,4069
2018-10-01,58025
2018-11-01,54149
2018-11-01,11645
2018-12-01,20982
2018-12-01,44283
2019-01-01,33457
2019-01-01,45410
2019-02-01,27231
2019-02-01,41378
2019-03-01,50123
2019-03-01,13828
2019-04-01,6091
2019-04-01,51169
2019-05-01,56906
2019-05-01,271
2019-06-01,76503
2019-07-01,601
2019-07-01,96041
2019-08-01,881
2019-08-01,108001
2019-09-01,1509
2019-09-01,82837
2019-10-01,55856
2019-10-01,2715
2019-11-01,8121
2019-11-01,49670
2019-12-01,15926
2019-12-01,44918
2020-01-01,36916
2020-01-01,42207
2020-02-01,47604
2020-02-01,34093
2020-03-01,57483
2020-03-01,13460
2020-04-01,6075
2020-04-01,60449
2020-05-01,61724
2020-05-01,336
2020-06-01,70317
2020-07-01,1446
2020-07-01,113796
2020-08-01,99200
2020-08-01,1464
2020-09-01,1925
2020-09-01,110071
2020-10-01,4171
2020-10-01,67138
2020-11-01,51635
2020-11-01,8042
2020-12-01,15093
2020-12-01,41523
2021-01-01,32289
2021-01-01,41678
2021-02-01,32108
2021-02-01,27994
2021-03-01,38738
2021-03-01,15441
2021-04-01,40459
2021-04-01,7419
2021-05-01,51428
2021-05-01,1731
2021-06-01,69073
2021-07-01,88403
2021-07-01,673
2021-08-01,704
2021-08-01,104784
2021-09-01,70673
2021-09-01,866
2021-10-01,3736
2021-10-01,61634
2021-11-01,51248
2021-11-01,9265
2021-12-01,15825
2021-12-01,40872
2022-01-01,47060
2022-01-01,33410
2022-02-01,27599
2022-02-01,29243
2022-03-01,32930
2022-03-01,16164
2022-04-01,6456
2022-04-01,39602
2022-05-01,51220
2022-05-01,360
2022-06-01,61652
2022-07-01,76596
2022-07-01,740
2022-08-01,737
2022-08-01,107733
2022-09-01,80813
2022-09-01,894
2022-10-01,70242
2022-10-01,5493
2022-11-01,8500
2022-11-01,48091
2022-12-01,45905
2022-12-01,20777
2023-01-01,26199
2023-01-01,38629
2023-02-01,49324
2023-02-01,30374
2023-03-01,14893
2023-03-01,31706
2023-04-01,45316
2023-04-01,5610
2023-05-01,1285
2023-05-01,52700
2023-06-01,65653
2023-07-01,98640
2023-07-01,746
2023-08-01,2165
2023-08-01,93511
2023-09-01,78340
2023-09-01,1718
2023-10-01,4735
2023-10-01,69593
2023-11-01,8308
2023-11-01,42934
2023-12-01,44916
2023-12-01,16443
2024-01-01,38611
2024-01-01,48497
2024-02-01,30682
2024-02-01,33889
